iter,instance,loss,pg,v,ent,adv,kl,clip,ex_var
50,20.10.1.txt,0.192531,0.219991,0.084878,2.679662,-0.259232,1.824910,1.000000,0.051000
